recipe_id,title,image_url,status,reason
1,"Rendang","https://images.pexels.com/photos/37081040/pexels-photo-37081040.jpeg?auto=compress&cs=tinysrgb&dpr=2&h=650&w=940",PENDING,"Need to verify with Google Images"
2,"Soto Betawi","https://images.pexels.com/photos/37081083/pexels-photo-37081083.jpeg?auto=compress&cs=tinysrgb&dpr=2&h=650&w=940",PENDING,"Need to verify with Google Images"
3,"Rawon","https://images.pexels.com/photos/36905222/pexels-photo-36905222.jpeg?auto=compress&cs=tinysrgb&dpr=2&h=650&w=940",PENDING,"Need to verify with Google Images"
4,"Pempek","https://images.pexels.com/photos/37234930/pexels-photo-37234930.jpeg?auto=compress&cs=tinysrgb&dpr=2&h=650&w=940",PENDING,"Need to verify with Google Images"
5,"Gudeg","https://images.pexels.com/photos/37026329/pexels-photo-37026329.jpeg?auto=compress&cs=tinysrgb&dpr=2&h=650&w=940",PENDING,"Need to verify with Google Images"
6,"Coto Makassar","https://images.pexels.com/photos/5856884/pexels-photo-5856884.jpeg?auto=compress&cs=tinysrgb&dpr=2&h=650&w=940",PENDING,"Need to verify with Google Images"
7,"Ayam Taliwang","https://images.pexels.com/photos/37106528/pexels-photo-37106528.jpeg?auto=compress&cs=tinysrgb&dpr=2&h=650&w=940",PENDING,"Need to verify with Google Images"
8,"Papeda","https://images.pexels.com/photos/36864887/pexels-photo-36864887.jpeg?auto=compress&cs=tinysrgb&dpr=2&h=650&w=940",PENDING,"Need to verify with Google Images"
9,"Satay Madura","https://images.pexels.com/photos/37338385/pexels-photo-37338385.jpeg?auto=compress&cs=tinysrgb&dpr=2&h=650&w=940",PENDING,"Need to verify with Google Images"
10,"Mie Aceh","https://images.pexels.com/photos/37338513/pexels-photo-37338513.jpeg?auto=compress&cs=tinysrgb&dpr=2&h=650&w=940",PENDING,"Need to verify with Google Images"
201,"Original Betawi Soto","https://images.pexels.com/photos/37081083/pexels-photo-37081083.jpeg?auto=compress&cs=tinysrgb&dpr=2&h=650&w=940",PENDING,"Need to verify with Google Images"
202,"Malaysian Village Fried Rice","https://images.pexels.com/photos/37048512/pexels-photo-37048512.jpeg?auto=compress&cs=tinysrgb&dpr=2&h=650&w=940",PENDING,"Need to verify with Google Images"
203,"Rica-Rica Grilled Chicken","https://images.pexels.com/photos/37320453/pexels-photo-37320453.jpeg?auto=compress&cs=tinysrgb&dpr=2&h=650&w=940",PENDING,"Need to verify with Google Images"
204,"Makassar Rib Soup","https://images.pexels.com/photos/34424024/pexels-photo-34424024.jpeg?auto=compress&cs=tinysrgb&dpr=2&h=650&w=940",PENDING,"Need to verify with Google Images"
205,"Steamed Bolu Cake","https://images.pexels.com/photos/12118045/pexels-photo-12118045.jpeg?auto=compress&cs=tinysrgb&dpr=2&h=650&w=940",PENDING,"Need to verify with Google Images"
206,"Goat Fried Rice","https://images.pexels.com/photos/8570300/pexels-photo-8570300.jpeg?auto=compress&cs=tinysrgb&dpr=2&h=650&w=940",PENDING,"Need to verify with Google Images"
207,"Avocado Juice","https://images.pexels.com/photos/31427497/pexels-photo-31427497.jpeg?auto=compress&cs=tinysrgb&dpr=2&h=650&w=940",PENDING,"Need to verify with Google Images"
208,"Banjar Chicken Soup","https://images.pexels.com/photos/37173531/pexels-photo-37173531.jpeg?auto=compress&cs=tinysrgb&dpr=2&h=650&w=940",PENDING,"Need to verify with Google Images"
209,"Seafood Fried Noodles","https://images.pexels.com/photos/10684063/pexels-photo-10684063.jpeg?auto=compress&cs=tinysrgb&dpr=2&h=650&w=940",PENDING,"Need to verify with Google Images"
210,"Crispy Tempeh Fritters","https://images.pexels.com/photos/37109715/pexels-photo-37109715.jpeg?auto=compress&cs=tinysrgb&dpr=2&h=650&w=940",PENDING,"Need to verify with Google Images"
211,"Shaken Avocado Ice","https://images.pexels.com/photos/12318617/pexels-photo-12318617.jpeg?auto=compress&cs=tinysrgb&dpr=2&h=650&w=940",PENDING,"Need to verify with Google Images"
212,"Seafood Fried Rice","https://images.pexels.com/photos/34683317/pexels-photo-34683317.jpeg?auto=compress&cs=tinysrgb&dpr=2&h=650&w=940",PENDING,"Need to verify with Google Images"
213,"Young Coconut Ice","https://images.pexels.com/photos/37193126/pexels-photo-37193126.jpeg?auto=compress&cs=tinysrgb&dpr=2&h=650&w=940",PENDING,"Need to verify with Google Images"
214,"Savory Egg Martabak","https://images.pexels.com/photos/37225937/pexels-photo-37225937.png?auto=compress&cs=tinysrgb&dpr=2&h=650&w=940",PENDING,"Need to verify with Google Images"
215,"Honey Grilled Chicken","https://images.pexels.com/photos/37320453/pexels-photo-37320453.jpeg?auto=compress&cs=tinysrgb&dpr=2&h=650&w=940",PENDING,"Need to verify with Google Images"
216,"Chicken Meatballs","https://images.pexels.com/photos/28371785/pexels-photo-28371785.jpeg?auto=compress&cs=tinysrgb&dpr=2&h=650&w=940",PENDING,"Need to verify with Google Images"
217,"Balinese Fish Satay","https://images.pexels.com/photos/37179934/pexels-photo-37179934.jpeg?auto=compress&cs=tinysrgb&dpr=2&h=650&w=940",PENDING,"Need to verify with Google Images"
218,"Balinese Mixed Salad","https://images.pexels.com/photos/37081047/pexels-photo-37081047.jpeg?auto=compress&cs=tinysrgb&dpr=2&h=650&w=940",PENDING,"Need to verify with Google Images"
219,"Village Fried Rice","https://images.pexels.com/photos/37287422/pexels-photo-37287422.jpeg?auto=compress&cs=tinysrgb&dpr=2&h=650&w=940",PENDING,"Need to verify with Google Images"
220,"Smashed Fried Chicken","https://images.pexels.com/photos/37320395/pexels-photo-37320395.jpeg?auto=compress&cs=tinysrgb&dpr=2&h=650&w=940",PENDING,"Need to verify with Google Images"
221,"Es Teler 77","https://images.pexels.com/photos/36564829/pexels-photo-36564829.jpeg?auto=compress&cs=tinysrgb&dpr=2&h=650&w=940",PENDING,"Need to verify with Google Images"
222,"Devil's Rawon","https://images.pexels.com/photos/36905222/pexels-photo-36905222.jpeg?auto=compress&cs=tinysrgb&dpr=2&h=650&w=940",PENDING,"Need to verify with Google Images"
223,"Balinese Mixed Rice","https://images.pexels.com/photos/37179942/pexels-photo-37179942.jpeg?auto=compress&cs=tinysrgb&dpr=2&h=650&w=940",PENDING,"Need to verify with Google Images"
224,"Indonesian Fruit Ice","https://images.pexels.com/photos/37193126/pexels-photo-37193126.jpeg?auto=compress&cs=tinysrgb&dpr=2&h=650&w=940",PENDING,"Need to verify with Google Images"
225,"Beef Trotter Soup","https://images.pexels.com/photos/37142080/pexels-photo-37142080.jpeg?auto=compress&cs=tinysrgb&dpr=2&h=650&w=940",PENDING,"Need to verify with Google Images"
226,"Jakarta Gado-Gado","https://images.pexels.com/photos/37113556/pexels-photo-37113556.jpeg?auto=compress&cs=tinysrgb&dpr=2&h=650&w=940",PENDING,"Need to verify with Google Images"
227,"Noodle Soup","https://images.pexels.com/photos/36997934/pexels-photo-36997934.jpeg?auto=compress&cs=tinysrgb&dpr=2&h=650&w=940",PENDING,"Need to verify with Google Images"
228,"Makassar Pressed Banana","https://images.pexels.com/photos/37803016/pexels-photo-37803016.jpeg?auto=compress&cs=tinysrgb&dpr=2&h=650&w=940",PENDING,"Need to verify with Google Images"
229,"Scrambled Fried Rice","https://images.pexels.com/photos/28503583/pexels-photo-28503583.jpeg?auto=compress&cs=tinysrgb&dpr=2&h=650&w=940",PENDING,"Need to verify with Google Images"
230,"Martabak Ice Cream","https://images.pexels.com/photos/37193128/pexels-photo-37193128.jpeg?auto=compress&cs=tinysrgb&dpr=2&h=650&w=940",PENDING,"Need to verify with Google Images"
231,"Grilled Oxtail Soup","https://images.pexels.com/photos/36870061/pexels-photo-36870061.jpeg?auto=compress&cs=tinysrgb&dpr=2&h=650&w=940",PENDING,"Need to verify with Google Images"
232,"Round Fried Tofu","https://images.pexels.com/photos/37109715/pexels-photo-37109715.jpeg?auto=compress&cs=tinysrgb&dpr=2&h=650&w=940",PENDING,"Need to verify with Google Images"
233,"Cendol Jelly Drink","https://images.pexels.com/photos/36111584/pexels-photo-36111584.jpeg?auto=compress&cs=tinysrgb&dpr=2&h=650&w=940",PENDING,"Need to verify with Google Images"
234,"Padang Satay with Thick Sauce","https://images.pexels.com/photos/37121686/pexels-photo-37121686.jpeg?auto=compress&cs=tinysrgb&dpr=2&h=650&w=940",PENDING,"Need to verify with Google Images"
235,"Sweet Potato Mochi","https://images.pexels.com/photos/37234928/pexels-photo-37234928.jpeg?auto=compress&cs=tinysrgb&dpr=2&h=650&w=940",PENDING,"Need to verify with Google Images"
236,"Stink Bean Fried Rice","https://images.pexels.com/photos/37287422/pexels-photo-37287422.jpeg?auto=compress&cs=tinysrgb&dpr=2&h=650&w=940",PENDING,"Need to verify with Google Images"
237,"Fruit Soup Ice","https://images.pexels.com/photos/37081088/pexels-photo-37081088.jpeg?auto=compress&cs=tinysrgb&dpr=2&h=650&w=940",PENDING,"Need to verify with Google Images"
238,"Padang Grilled Chicken","https://images.pexels.com/photos/37106136/pexels-photo-37106136.jpeg?auto=compress&cs=tinysrgb&dpr=2&h=650&w=940",PENDING,"Need to verify with Google Images"
239,"Clear Chicken Soto","https://images.pexels.com/photos/12676932/pexels-photo-12676932.jpeg?auto=compress&cs=tinysrgb&dpr=2&h=650&w=940",PENDING,"Need to verify with Google Images"
240,"Noodle Martabak","https://images.pexels.com/photos/37193136/pexels-photo-37193136.jpeg?auto=compress&cs=tinysrgb&dpr=2&h=650&w=940",PENDING,"Need to verify with Google Images"
241,"Sumedang Fried Tofu","https://images.pexels.com/photos/36853606/pexels-photo-36853606.jpeg?auto=compress&cs=tinysrgb&dpr=2&h=650&w=940",PENDING,"Need to verify with Google Images"
242,"Fruit Rujak Ice","https://images.pexels.com/photos/37113556/pexels-photo-37113556.jpeg?auto=compress&cs=tinysrgb&dpr=2&h=650&w=940",PENDING,"Need to verify with Google Images"
243,"Rujak-Spiced Grilled Chicken","https://images.pexels.com/photos/37338385/pexels-photo-37338385.jpeg?auto=compress&cs=tinysrgb&dpr=2&h=650&w=940",PENDING,"Need to verify with Google Images"
244,"Black Glutinous Rice Porridge","https://images.pexels.com/photos/36982086/pexels-photo-36982086.jpeg?auto=compress&cs=tinysrgb&dpr=2&h=650&w=940",PENDING,"Need to verify with Google Images"
245,"Smashed Chicken Rice","https://images.pexels.com/photos/37320395/pexels-photo-37320395.jpeg?auto=compress&cs=tinysrgb&dpr=2&h=650&w=940",PENDING,"Need to verify with Google Images"
246,"Grilled Beef Rib Soup","https://images.pexels.com/photos/37073155/pexels-photo-37073155.jpeg?auto=compress&cs=tinysrgb&dpr=2&h=650&w=940",PENDING,"Need to verify with Google Images"
247,"Dawet Ice","https://images.pexels.com/photos/37193128/pexels-photo-37193128.jpeg?auto=compress&cs=tinysrgb&dpr=2&h=650&w=940",PENDING,"Need to verify with Google Images"
248,"Cucur Cake","https://images.pexels.com/photos/35365024/pexels-photo-35365024.jpeg?auto=compress&cs=tinysrgb&dpr=2&h=650&w=940",PENDING,"Need to verify with Google Images"
249,"Herb Rice","https://images.pexels.com/photos/12676939/pexels-photo-12676939.jpeg?auto=compress&cs=tinysrgb&dpr=2&h=650&w=940",PENDING,"Need to verify with Google Images"
250,"Madura Goat Soup","https://images.pexels.com/photos/37081088/pexels-photo-37081088.jpeg?auto=compress&cs=tinysrgb&dpr=2&h=650&w=940",PENDING,"Need to verify with Google Images"
251,"Serabi with Kinca Sauce","https://images.pexels.com/photos/6802090/pexels-photo-6802090.jpeg?auto=compress&cs=tinysrgb&dpr=2&h=650&w=940",PENDING,"Need to verify with Google Images"
252,"Smashed Chicken with Raw Sambal","https://images.pexels.com/photos/37320395/pexels-photo-37320395.jpeg?auto=compress&cs=tinysrgb&dpr=2&h=650&w=940",PENDING,"Need to verify with Google Images"
253,"Mini Tumpeng","https://images.pexels.com/photos/37002428/pexels-photo-37002428.jpeg?auto=compress&cs=tinysrgb&dpr=2&h=650&w=940",PENDING,"Need to verify with Google Images"
254,"Passion Fruit Syrup Ice","https://images.pexels.com/photos/32435278/pexels-photo-32435278.jpeg?auto=compress&cs=tinysrgb&dpr=2&h=650&w=940",PENDING,"Need to verify with Google Images"
255,"Karo Roast Pork","https://images.pexels.com/photos/26733080/pexels-photo-26733080.jpeg?auto=compress&cs=tinysrgb&dpr=2&h=650&w=940",PENDING,"Need to verify with Google Images"
256,"Creamy Milk Soto","https://images.pexels.com/photos/12676932/pexels-photo-12676932.jpeg?auto=compress&cs=tinysrgb&dpr=2&h=650&w=940",PENDING,"Need to verify with Google Images"
257,"Smashed Tofu with Sambal","https://images.pexels.com/photos/37320411/pexels-photo-37320411.jpeg?auto=compress&cs=tinysrgb&dpr=2&h=650&w=940",PENDING,"Need to verify with Google Images"
258,"Banana Milk Ice","https://images.pexels.com/photos/38044675/pexels-photo-38044675.jpeg?auto=compress&cs=tinysrgb&dpr=2&h=650&w=940",PENDING,"Need to verify with Google Images"
259,"Putu Ayu Cake","https://images.pexels.com/photos/37327284/pexels-photo-37327284.jpeg?auto=compress&cs=tinysrgb&dpr=2&h=650&w=940",PENDING,"Need to verify with Google Images"
260,"Red Fried Rice","https://images.pexels.com/photos/8570300/pexels-photo-8570300.jpeg?auto=compress&cs=tinysrgb&dpr=2&h=650&w=940",PENDING,"Need to verify with Google Images"
261,"Mung Bean Ice","https://images.pexels.com/photos/10043331/pexels-photo-10043331.jpeg?auto=compress&cs=tinysrgb&dpr=2&h=650&w=940",PENDING,"Need to verify with Google Images"
262,"Hoisin Grilled Chicken","https://images.pexels.com/photos/36052491/pexels-photo-36052491.jpeg?auto=compress&cs=tinysrgb&dpr=2&h=650&w=940",PENDING,"Need to verify with Google Images"
263,"Clear Chicken Soup","https://images.pexels.com/photos/37081083/pexels-photo-37081083.jpeg?auto=compress&cs=tinysrgb&dpr=2&h=650&w=940",PENDING,"Need to verify with Google Images"
264,"Chicken Lemper","https://images.pexels.com/photos/36087668/pexels-photo-36087668.jpeg?auto=compress&cs=tinysrgb&dpr=2&h=650&w=940",PENDING,"Need to verify with Google Images"
265,"Intestine Satay","https://images.pexels.com/photos/37233980/pexels-photo-37233980.jpeg?auto=compress&cs=tinysrgb&dpr=2&h=650&w=940",PENDING,"Need to verify with Google Images"
266,"Avocado Coffee Ice","https://images.pexels.com/photos/7034229/pexels-photo-7034229.jpeg?auto=compress&cs=tinysrgb&dpr=2&h=650&w=940",PENDING,"Need to verify with Google Images"
267,"Extra Spicy Fried Rice","https://images.pexels.com/photos/8570300/pexels-photo-8570300.jpeg?auto=compress&cs=tinysrgb&dpr=2&h=650&w=940",PENDING,"Need to verify with Google Images"
268,"Balinese Spiced Grilled Chicken","https://images.pexels.com/photos/37179941/pexels-photo-37179941.jpeg?auto=compress&cs=tinysrgb&dpr=2&h=650&w=940",PENDING,"Need to verify with Google Images"
269,"Makassar Rib Soup Special","https://images.pexels.com/photos/8896094/pexels-photo-8896094.jpeg?auto=compress&cs=tinysrgb&dpr=2&h=650&w=940",PENDING,"Need to verify with Google Images"
270,"Aceh Birambi Cake","https://images.pexels.com/photos/36449483/pexels-photo-36449483.jpeg?auto=compress&cs=tinysrgb&dpr=2&h=650&w=940",PENDING,"Need to verify with Google Images"
271,"Gulai Goat Fried Rice","https://images.pexels.com/photos/37052497/pexels-photo-37052497.jpeg?auto=compress&cs=tinysrgb&dpr=2&h=650&w=940",PENDING,"Need to verify with Google Images"
272,"Rainbow Tea Ice","https://images.pexels.com/photos/37081088/pexels-photo-37081088.jpeg?auto=compress&cs=tinysrgb&dpr=2&h=650&w=940",PENDING,"Need to verify with Google Images"
273,"Butter Fried Chicken","https://images.pexels.com/photos/36853606/pexels-photo-36853606.jpeg?auto=compress&cs=tinysrgb&dpr=2&h=650&w=940",PENDING,"Need to verify with Google Images"
274,"Grilled Rib Soup Special","https://images.pexels.com/photos/36691300/pexels-photo-36691300.jpeg?auto=compress&cs=tinysrgb&dpr=2&h=650&w=940",PENDING,"Need to verify with Google Images"
275,"Smashed Chicken Rice Bowl","https://images.pexels.com/photos/37320405/pexels-photo-37320405.jpeg?auto=compress&cs=tinysrgb&dpr=2&h=650&w=940",PENDING,"Need to verify with Google Images"
276,"Indonesian Avocado Juice","https://images.pexels.com/photos/37303203/pexels-photo-37303203.jpeg?auto=compress&cs=tinysrgb&dpr=2&h=650&w=940",PENDING,"Need to verify with Google Images"
277,"Original Betawi Soto","https://images.pexels.com/photos/37081083/pexels-photo-37081083.jpeg?auto=compress&cs=tinysrgb&dpr=2&h=650&w=940",PENDING,"Need to verify with Google Images"
278,"Citul Rice Crackers","https://images.pexels.com/photos/35644172/pexels-photo-35644172.jpeg?auto=compress&cs=tinysrgb&dpr=2&h=650&w=940",PENDING,"Need to verify with Google Images"
301,"Lamongan Soto","https://images.pexels.com/photos/12676932/pexels-photo-12676932.jpeg?auto=compress&cs=tinysrgb&dpr=2&h=650&w=940",PENDING,"Need to verify with Google Images"
302,"Tahu Tek Tek","https://images.pexels.com/photos/38248988/pexels-photo-38248988.jpeg?auto=compress&cs=tinysrgb&dpr=2&h=650&w=940",PENDING,"Need to verify with Google Images"
303,"Smoky Grilled Rib Soup","https://images.pexels.com/photos/8250685/pexels-photo-8250685.jpeg?auto=compress&cs=tinysrgb&dpr=2&h=650&w=940",PENDING,"Need to verify with Google Images"
304,"Steamed Bolu Cake","https://images.pexels.com/photos/12118045/pexels-photo-12118045.jpeg?auto=compress&cs=tinysrgb&dpr=2&h=650&w=940",PENDING,"Need to verify with Google Images"
305,"Goat Fried Rice","https://images.pexels.com/photos/8570300/pexels-photo-8570300.jpeg?auto=compress&cs=tinysrgb&dpr=2&h=650&w=940",PENDING,"Need to verify with Google Images"
306,"Coconut Soup Ice","https://images.pexels.com/photos/37193126/pexels-photo-37193126.jpeg?auto=compress&cs=tinysrgb&dpr=2&h=650&w=940",PENDING,"Need to verify with Google Images"
307,"Fragrant Grilled Chicken","https://images.pexels.com/photos/37320453/pexels-photo-37320453.jpeg?auto=compress&cs=tinysrgb&dpr=2&h=650&w=940",PENDING,"Need to verify with Google Images"
308,"Authentic Lamongan Soto","https://images.pexels.com/photos/12676932/pexels-photo-12676932.jpeg?auto=compress&cs=tinysrgb&dpr=2&h=650&w=940",PENDING,"Need to verify with Google Images"
309,"Tahu Tek","https://images.pexels.com/photos/38248988/pexels-photo-38248988.jpeg?auto=compress&cs=tinysrgb&dpr=2&h=650&w=940",PENDING,"Need to verify with Google Images"
310,"Banjar Chicken Soup","https://images.pexels.com/photos/37173531/pexels-photo-37173531.jpeg?auto=compress&cs=tinysrgb&dpr=2&h=650&w=940",PENDING,"Need to verify with Google Images"
311,"Seafood Fried Noodles","https://images.pexels.com/photos/10684063/pexels-photo-10684063.jpeg?auto=compress&cs=tinysrgb&dpr=2&h=650&w=940",PENDING,"Need to verify with Google Images"
312,"Crispy Tempeh Fritters","https://images.pexels.com/photos/37109715/pexels-photo-37109715.jpeg?auto=compress&cs=tinysrgb&dpr=2&h=650&w=940",PENDING,"Need to verify with Google Images"
313,"Shaken Avocado Ice","https://images.pexels.com/photos/12318617/pexels-photo-12318617.jpeg?auto=compress&cs=tinysrgb&dpr=2&h=650&w=940",PENDING,"Need to verify with Google Images"
314,"Seafood Fried Rice","https://images.pexels.com/photos/34683317/pexels-photo-34683317.jpeg?auto=compress&cs=tinysrgb&dpr=2&h=650&w=940",PENDING,"Need to verify with Google Images"
315,"Young Coconut Ice","https://images.pexels.com/photos/37193126/pexels-photo-37193126.jpeg?auto=compress&cs=tinysrgb&dpr=2&h=650&w=940",PENDING,"Need to verify with Google Images"
316,"Savory Egg Martabak","https://images.pexels.com/photos/37225937/pexels-photo-37225937.png?auto=compress&cs=tinysrgb&dpr=2&h=650&w=940",PENDING,"Need to verify with Google Images"
317,"Honey Grilled Chicken","https://images.pexels.com/photos/37320453/pexels-photo-37320453.jpeg?auto=compress&cs=tinysrgb&dpr=2&h=650&w=940",PENDING,"Need to verify with Google Images"
318,"Chicken Meatballs","https://images.pexels.com/photos/28371785/pexels-photo-28371785.jpeg?auto=compress&cs=tinysrgb&dpr=2&h=650&w=940",PENDING,"Need to verify with Google Images"
319,"Balinese Fish Satay","https://images.pexels.com/photos/37179934/pexels-photo-37179934.jpeg?auto=compress&cs=tinysrgb&dpr=2&h=650&w=940",PENDING,"Need to verify with Google Images"
320,"Balinese Mixed Vegetable Salad","https://images.pexels.com/photos/37081047/pexels-photo-37081047.jpeg?auto=compress&cs=tinysrgb&dpr=2&h=650&w=940",PENDING,"Need to verify with Google Images"
321,"Village Fried Rice","https://images.pexels.com/photos/37287422/pexels-photo-37287422.jpeg?auto=compress&cs=tinysrgb&dpr=2&h=650&w=940",PENDING,"Need to verify with Google Images"
322,"Smashed Fried Chicken","https://images.pexels.com/photos/37320395/pexels-photo-37320395.jpeg?auto=compress&cs=tinysrgb&dpr=2&h=650&w=940",PENDING,"Need to verify with Google Images"
323,"Es Teler 77","https://images.pexels.com/photos/36564829/pexels-photo-36564829.jpeg?auto=compress&cs=tinysrgb&dpr=2&h=650&w=940",PENDING,"Need to verify with Google Images"
324,"Devil's Rawon","https://images.pexels.com/photos/36905222/pexels-photo-36905222.jpeg?auto=compress&cs=tinysrgb&dpr=2&h=650&w=940",PENDING,"Need to verify with Google Images"
325,"Balinese Mixed Rice","https://images.pexels.com/photos/37179942/pexels-photo-37179942.jpeg?auto=compress&cs=tinysrgb&dpr=2&h=650&w=940",PENDING,"Need to verify with Google Images"
326,"Indonesian Fruit Ice","https://images.pexels.com/photos/37193126/pexels-photo-37193126.jpeg?auto=compress&cs=tinysrgb&dpr=2&h=650&w=940",PENDING,"Need to verify with Google Images"
327,"Beef Trotter Soup","https://images.pexels.com/photos/37142080/pexels-photo-37142080.jpeg?auto=compress&cs=tinysrgb&dpr=2&h=650&w=940",PENDING,"Need to verify with Google Images"
328,"Jakarta Gado-Gado","https://images.pexels.com/photos/37113556/pexels-photo-37113556.jpeg?auto=compress&cs=tinysrgb&dpr=2&h=650&w=940",PENDING,"Need to verify with Google Images"
329,"Noodle Soup","https://images.pexels.com/photos/36997934/pexels-photo-36997934.jpeg?auto=compress&cs=tinysrgb&dpr=2&h=650&w=940",PENDING,"Need to verify with Google Images"
330,"Makassar Pressed Banana","https://images.pexels.com/photos/37803016/pexels-photo-37803016.jpeg?auto=compress&cs=tinysrgb&dpr=2&h=650&w=940",PENDING,"Need to verify with Google Images"
331,"Scrambled Fried Rice","https://images.pexels.com/photos/28503583/pexels-photo-28503583.jpeg?auto=compress&cs=tinysrgb&dpr=2&h=650&w=940",PENDING,"Need to verify with Google Images"
332,"Martabak Ice Cream","https://images.pexels.com/photos/37193128/pexels-photo-37193128.jpeg?auto=compress&cs=tinysrgb&dpr=2&h=650&w=940",PENDING,"Need to verify with Google Images"
333,"Grilled Oxtail Soup","https://images.pexels.com/photos/36870061/pexels-photo-36870061.jpeg?auto=compress&cs=tinysrgb&dpr=2&h=650&w=940",PENDING,"Need to verify with Google Images"
334,"Round Fried Tofu","https://images.pexels.com/photos/37109715/pexels-photo-37109715.jpeg?auto=compress&cs=tinysrgb&dpr=2&h=650&w=940",PENDING,"Need to verify with Google Images"
335,"Cendol Jelly Drink","https://images.pexels.com/photos/36111584/pexels-photo-36111584.jpeg?auto=compress&cs=tinysrgb&dpr=2&h=650&w=940",PENDING,"Need to verify with Google Images"
336,"Padang Satay with Thick Sauce","https://images.pexels.com/photos/37121686/pexels-photo-37121686.jpeg?auto=compress&cs=tinysrgb&dpr=2&h=650&w=940",PENDING,"Need to verify with Google Images"
337,"Sweet Potato Mochi","https://images.pexels.com/photos/37234928/pexels-photo-37234928.jpeg?auto=compress&cs=tinysrgb&dpr=2&h=650&w=940",PENDING,"Need to verify with Google Images"
338,"Stink Bean Fried Rice","https://images.pexels.com/photos/37287422/pexels-photo-37287422.jpeg?auto=compress&cs=tinysrgb&dpr=2&h=650&w=940",PENDING,"Need to verify with Google Images"
339,"Fruit Soup Ice","https://images.pexels.com/photos/37081088/pexels-photo-37081088.jpeg?auto=compress&cs=tinysrgb&dpr=2&h=650&w=940",PENDING,"Need to verify with Google Images"
340,"Padang Grilled Chicken","https://images.pexels.com/photos/37106136/pexels-photo-37106136.jpeg?auto=compress&cs=tinysrgb&dpr=2&h=650&w=940",PENDING,"Need to verify with Google Images"
341,"Clear Chicken Soto","https://images.pexels.com/photos/12676932/pexels-photo-12676932.jpeg?auto=compress&cs=tinysrgb&dpr=2&h=650&w=940",PENDING,"Need to verify with Google Images"
342,"Noodle Martabak","https://images.pexels.com/photos/37193136/pexels-photo-37193136.jpeg?auto=compress&cs=tinysrgb&dpr=2&h=650&w=940",PENDING,"Need to verify with Google Images"
343,"Sumedang Fried Tofu","https://images.pexels.com/photos/36853606/pexels-photo-36853606.jpeg?auto=compress&cs=tinysrgb&dpr=2&h=650&w=940",PENDING,"Need to verify with Google Images"
344,"Fruit Rujak Ice","https://images.pexels.com/photos/37113556/pexels-photo-37113556.jpeg?auto=compress&cs=tinysrgb&dpr=2&h=650&w=940",PENDING,"Need to verify with Google Images"
345,"Rujak-Spiced Grilled Chicken","https://images.pexels.com/photos/37338385/pexels-photo-37338385.jpeg?auto=compress&cs=tinysrgb&dpr=2&h=650&w=940",PENDING,"Need to verify with Google Images"
346,"Black Glutinous Rice Porridge","https://images.pexels.com/photos/36982086/pexels-photo-36982086.jpeg?auto=compress&cs=tinysrgb&dpr=2&h=650&w=940",PENDING,"Need to verify with Google Images"
347,"Smashed Chicken Rice","https://images.pexels.com/photos/37320395/pexels-photo-37320395.jpeg?auto=compress&cs=tinysrgb&dpr=2&h=650&w=940",PENDING,"Need to verify with Google Images"
348,"Grilled Beef Rib Soup","https://images.pexels.com/photos/37073155/pexels-photo-37073155.jpeg?auto=compress&cs=tinysrgb&dpr=2&h=650&w=940",PENDING,"Need to verify with Google Images"
349,"Dawet Ice","https://images.pexels.com/photos/37193128/pexels-photo-37193128.jpeg?auto=compress&cs=tinysrgb&dpr=2&h=650&w=940",PENDING,"Need to verify with Google Images"
350,"Cucur Cake","https://images.pexels.com/photos/35365024/pexels-photo-35365024.jpeg?auto=compress&cs=tinysrgb&dpr=2&h=650&w=940",PENDING,"Need to verify with Google Images"
351,"Herb Rice","https://images.pexels.com/photos/12676939/pexels-photo-12676939.jpeg?auto=compress&cs=tinysrgb&dpr=2&h=650&w=940",PENDING,"Need to verify with Google Images"
352,"Madura Goat Soup","https://images.pexels.com/photos/37081088/pexels-photo-37081088.jpeg?auto=compress&cs=tinysrgb&dpr=2&h=650&w=940",PENDING,"Need to verify with Google Images"
353,"Serabi with Kinca Sauce","https://images.pexels.com/photos/6802090/pexels-photo-6802090.jpeg?auto=compress&cs=tinysrgb&dpr=2&h=650&w=940",PENDING,"Need to verify with Google Images"
354,"Smashed Chicken with Raw Sambal","https://images.pexels.com/photos/37320395/pexels-photo-37320395.jpeg?auto=compress&cs=tinysrgb&dpr=2&h=650&w=940",PENDING,"Need to verify with Google Images"
355,"Mini Tumpeng","https://images.pexels.com/photos/37002428/pexels-photo-37002428.jpeg?auto=compress&cs=tinysrgb&dpr=2&h=650&w=940",PENDING,"Need to verify with Google Images"
356,"Passion Fruit Syrup Ice","https://images.pexels.com/photos/32435278/pexels-photo-32435278.jpeg?auto=compress&cs=tinysrgb&dpr=2&h=650&w=940",PENDING,"Need to verify with Google Images"
357,"Karo Roast Pork","https://images.pexels.com/photos/26733080/pexels-photo-26733080.jpeg?auto=compress&cs=tinysrgb&dpr=2&h=650&w=940",PENDING,"Need to verify with Google Images"
358,"Creamy Milk Soto","https://images.pexels.com/photos/12676932/pexels-photo-12676932.jpeg?auto=compress&cs=tinysrgb&dpr=2&h=650&w=940",PENDING,"Need to verify with Google Images"
359,"Smashed Tofu with Sambal","https://images.pexels.com/photos/37320411/pexels-photo-37320411.jpeg?auto=compress&cs=tinysrgb&dpr=2&h=650&w=940",PENDING,"Need to verify with Google Images"
360,"Banana Milk Ice","https://images.pexels.com/photos/38044675/pexels-photo-38044675.jpeg?auto=compress&cs=tinysrgb&dpr=2&h=650&w=940",PENDING,"Need to verify with Google Images"
361,"Putu Ayu Cake","https://images.pexels.com/photos/37327284/pexels-photo-37327284.jpeg?auto=compress&cs=tinysrgb&dpr=2&h=650&w=940",PENDING,"Need to verify with Google Images"
362,"Red Fried Rice","https://images.pexels.com/photos/8570300/pexels-photo-8570300.jpeg?auto=compress&cs=tinysrgb&dpr=2&h=650&w=940",PENDING,"Need to verify with Google Images"
363,"Mung Bean Ice","https://images.pexels.com/photos/10043331/pexels-photo-10043331.jpeg?auto=compress&cs=tinysrgb&dpr=2&h=650&w=940",PENDING,"Need to verify with Google Images"
364,"Hoisin Grilled Chicken","https://images.pexels.com/photos/36052491/pexels-photo-36052491.jpeg?auto=compress&cs=tinysrgb&dpr=2&h=650&w=940",PENDING,"Need to verify with Google Images"
365,"Clear Chicken Soup","https://images.pexels.com/photos/37081083/pexels-photo-37081083.jpeg?auto=compress&cs=tinysrgb&dpr=2&h=650&w=940",PENDING,"Need to verify with Google Images"
366,"Chicken Lemper","https://images.pexels.com/photos/36087668/pexels-photo-36087668.jpeg?auto=compress&cs=tinysrgb&dpr=2&h=650&w=940",PENDING,"Need to verify with Google Images"
367,"Intestine Satay","https://images.pexels.com/photos/37233980/pexels-photo-37233980.jpeg?auto=compress&cs=tinysrgb&dpr=2&h=650&w=940",PENDING,"Need to verify with Google Images"
368,"Avocado Coffee Ice","https://images.pexels.com/photos/7034229/pexels-photo-7034229.jpeg?auto=compress&cs=tinysrgb&dpr=2&h=650&w=940",PENDING,"Need to verify with Google Images"
369,"Extra Spicy Fried Rice","https://images.pexels.com/photos/8570300/pexels-photo-8570300.jpeg?auto=compress&cs=tinysrgb&dpr=2&h=650&w=940",PENDING,"Need to verify with Google Images"
370,"Balinese Spiced Grilled Chicken","https://images.pexels.com/photos/37179941/pexels-photo-37179941.jpeg?auto=compress&cs=tinysrgb&dpr=2&h=650&w=940",PENDING,"Need to verify with Google Images"
371,"Makassar Rib Soup","https://images.pexels.com/photos/34424024/pexels-photo-34424024.jpeg?auto=compress&cs=tinysrgb&dpr=2&h=650&w=940",PENDING,"Need to verify with Google Images"
372,"Aceh Birambi Cake","https://images.pexels.com/photos/36449483/pexels-photo-36449483.jpeg?auto=compress&cs=tinysrgb&dpr=2&h=650&w=940",PENDING,"Need to verify with Google Images"
373,"Gulai Goat Fried Rice","https://images.pexels.com/photos/37052497/pexels-photo-37052497.jpeg?auto=compress&cs=tinysrgb&dpr=2&h=650&w=940",PENDING,"Need to verify with Google Images"
374,"Rainbow Tea Ice","https://images.pexels.com/photos/37081088/pexels-photo-37081088.jpeg?auto=compress&cs=tinysrgb&dpr=2&h=650&w=940",PENDING,"Need to verify with Google Images"
375,"Butter Fried Chicken","https://images.pexels.com/photos/36853606/pexels-photo-36853606.jpeg?auto=compress&cs=tinysrgb&dpr=2&h=650&w=940",PENDING,"Need to verify with Google Images"
376,"Grilled Rib Soup Special","https://images.pexels.com/photos/36691300/pexels-photo-36691300.jpeg?auto=compress&cs=tinysrgb&dpr=2&h=650&w=940",PENDING,"Need to verify with Google Images"
377,"Smashed Chicken Rice Bowl","https://images.pexels.com/photos/37320405/pexels-photo-37320405.jpeg?auto=compress&cs=tinysrgb&dpr=2&h=650&w=940",PENDING,"Need to verify with Google Images"
378,"Avocado Juice","https://images.pexels.com/photos/31427497/pexels-photo-31427497.jpeg?auto=compress&cs=tinysrgb&dpr=2&h=650&w=940",PENDING,"Need to verify with Google Images"
379,"Original Betawi Soto","https://images.pexels.com/photos/37081083/pexels-photo-37081083.jpeg?auto=compress&cs=tinysrgb&dpr=2&h=650&w=940",PENDING,"Need to verify with Google Images"
380,"Citul Rice Crackers","https://images.pexels.com/photos/35644172/pexels-photo-35644172.jpeg?auto=compress&cs=tinysrgb&dpr=2&h=650&w=940",PENDING,"Need to verify with Google Images"
381,"Fresh Young Coconut","https://images.pexels.com/photos/12625491/pexels-photo-12625491.jpeg?auto=compress&cs=tinysrgb&dpr=2&h=650&w=940",PENDING,"Need to verify with Google Images"
382,"Petai Fried Rice","https://images.pexels.com/photos/37287422/pexels-photo-37287422.jpeg?auto=compress&cs=tinysrgb&dpr=2&h=650&w=940",PENDING,"Need to verify with Google Images"
383,"Dawet Ayu Ice","https://images.pexels.com/photos/37193128/pexels-photo-37193128.jpeg?auto=compress&cs=tinysrgb&dpr=2&h=650&w=940",PENDING,"Need to verify with Google Images"
384,"Lotek Vegetable Salad","https://images.pexels.com/photos/37204705/pexels-photo-37204705.jpeg?auto=compress&cs=tinysrgb&dpr=2&h=650&w=940",PENDING,"Need to verify with Google Images"
385,"Timbel Wrapped Rice","https://images.pexels.com/photos/37320411/pexels-photo-37320411.jpeg?auto=compress&cs=tinysrgb&dpr=2&h=650&w=940",PENDING,"Need to verify with Google Images"
386,"Makassar Beef Rib Soup","https://images.pexels.com/photos/37142080/pexels-photo-37142080.jpeg?auto=compress&cs=tinysrgb&dpr=2&h=650&w=940",PENDING,"Need to verify with Google Images"
387,"Ternate Raw Fish Salad","https://images.pexels.com/photos/3975044/pexels-photo-3975044.jpeg?auto=compress&cs=tinysrgb&dpr=2&h=650&w=940",PENDING,"Need to verify with Google Images"
388,"Dirty Duck Rice","https://images.pexels.com/photos/31336108/pexels-photo-31336108.jpeg?auto=compress&cs=tinysrgb&dpr=2&h=650&w=940",PENDING,"Need to verify with Google Images"
389,"North Sulawesi Woku Fish","https://images.pexels.com/photos/5856884/pexels-photo-5856884.jpeg?auto=compress&cs=tinysrgb&dpr=2&h=650&w=940",PENDING,"Need to verify with Google Images"
390,"Raw Vegetable Salad with Peanut Sauce","https://images.pexels.com/photos/36075894/pexels-photo-36075894.jpeg?auto=compress&cs=tinysrgb&dpr=2&h=650&w=940",PENDING,"Need to verify with Google Images"
391,"Honey Glazed Oxtail Soup","https://images.pexels.com/photos/36870061/pexels-photo-36870061.jpeg?auto=compress&cs=tinysrgb&dpr=2&h=650&w=940",PENDING,"Need to verify with Google Images"
392,"Creamy Coconut Rice","https://images.pexels.com/photos/37106996/pexels-photo-37106996.jpeg?auto=compress&cs=tinysrgb&dpr=2&h=650&w=940",PENDING,"Need to verify with Google Images"
393,"Sweet Soy Grilled Chicken","https://images.pexels.com/photos/13065185/pexels-photo-13065185.jpeg?auto=compress&cs=tinysrgb&dpr=2&h=650&w=940",PENDING,"Need to verify with Google Images"
394,"Premium Grilled Oxtail","https://images.pexels.com/photos/36870061/pexels-photo-36870061.jpeg?auto=compress&cs=tinysrgb&dpr=2&h=650&w=940",PENDING,"Need to verify with Google Images"
395,"Premium Seafood Fried Rice","https://images.pexels.com/photos/34683317/pexels-photo-34683317.jpeg?auto=compress&cs=tinysrgb&dpr=2&h=650&w=940",PENDING,"Need to verify with Google Images"
396,"Premium Balinese Duck","https://images.pexels.com/photos/37106136/pexels-photo-37106136.jpeg?auto=compress&cs=tinysrgb&dpr=2&h=650&w=940",PENDING,"Need to verify with Google Images"
397,"Prawn Satay Bali","https://images.pexels.com/photos/37179934/pexels-photo-37179934.jpeg?auto=compress&cs=tinysrgb&dpr=2&h=650&w=940",PENDING,"Need to verify with Google Images"
398,"Honey Chicken Rice","https://images.pexels.com/photos/8406820/pexels-photo-8406820.jpeg?auto=compress&cs=tinysrgb&dpr=2&h=650&w=940",PENDING,"Need to verify with Google Images"
399,"Premium Konro Soup","https://images.pexels.com/photos/36223757/pexels-photo-36223757.jpeg?auto=compress&cs=tinysrgb&dpr=2&h=650&w=940",PENDING,"Need to verify with Google Images"
400,"Premium Jakarta Salad","https://images.pexels.com/photos/36075894/pexels-photo-36075894.jpeg?auto=compress&cs=tinysrgb&dpr=2&h=650&w=940",PENDING,"Need to verify with Google Images"
401,"Premium Sweet Martabak","https://images.pexels.com/photos/37015736/pexels-photo-37015736.jpeg?auto=compress&cs=tinysrgb&dpr=2&h=650&w=940",PENDING,"Need to verify with Google Images"
402,"Premium Cendol","https://images.pexels.com/photos/37193122/pexels-photo-37193122.jpeg?auto=compress&cs=tinysrgb&dpr=2&h=650&w=940",PENDING,"Need to verify with Google Images"
403,"Premium Tumpeng","https://images.pexels.com/photos/36993827/pexels-photo-36993827.jpeg?auto=compress&cs=tinysrgb&dpr=2&h=650&w=940",PENDING,"Need to verify with Google Images"
404,"Premium Padang Satay","https://images.pexels.com/photos/37121686/pexels-photo-37121686.jpeg?auto=compress&cs=tinysrgb&dpr=2&h=650&w=940",PENDING,"Need to verify with Google Images"
405,"Premium Rica-Rica Chicken","https://images.pexels.com/photos/36853606/pexels-photo-36853606.jpeg?auto=compress&cs=tinysrgb&dpr=2&h=650&w=940",PENDING,"Need to verify with Google Images"
406,"Saffron Chicken Soup","https://images.pexels.com/photos/36981854/pexels-photo-36981854.jpeg?auto=compress&cs=tinysrgb&dpr=2&h=650&w=940",PENDING,"Need to verify with Google Images"
407,"Premium Yellow Rice","https://images.pexels.com/photos/37106996/pexels-photo-37106996.jpeg?auto=compress&cs=tinysrgb&dpr=2&h=650&w=940",PENDING,"Need to verify with Google Images"
408,"Wagyu Rendang","https://images.pexels.com/photos/37081040/pexels-photo-37081040.jpeg?auto=compress&cs=tinysrgb&dpr=2&h=650&w=940",PENDING,"Need to verify with Google Images"
409,"Wagyu Meatball Soup","https://images.pexels.com/photos/36905215/pexels-photo-36905215.jpeg?auto=compress&cs=tinysrgb&dpr=2&h=650&w=940",PENDING,"Need to verify with Google Images"
410,"Matcha Avocado Ice","https://images.pexels.com/photos/5946977/pexels-photo-5946977.jpeg?auto=compress&cs=tinysrgb&dpr=2&h=650&w=940",PENDING,"Need to verify with Google Images"
411,"Truffle Grilled Chicken","https://images.pexels.com/photos/38189893/pexels-photo-38189893.jpeg?auto=compress&cs=tinysrgb&dpr=2&h=650&w=940",PENDING,"Need to verify with Google Images"
412,"Truffle Oxtail Soup","https://images.pexels.com/photos/37090680/pexels-photo-37090680.jpeg?auto=compress&cs=tinysrgb&dpr=2&h=650&w=940",PENDING,"Need to verify with Google Images"
413,"Truffle Fried Rice","https://images.pexels.com/photos/8570300/pexels-photo-8570300.jpeg?auto=compress&cs=tinysrgb&dpr=2&h=650&w=940",PENDING,"Need to verify with Google Images"
414,"Tiramisu Martabak","https://images.pexels.com/photos/34770487/pexels-photo-34770487.jpeg?auto=compress&cs=tinysrgb&dpr=2&h=650&w=940",PENDING,"Need to verify with Google Images"
